True_Label,Predicted_Label,Correct_Prediction,Probability_No,Probability_Yes
No,No,True,1.0,0.0
Yes,Yes,True,0.0,1.0
No,No,True,1.0,0.0
Yes,Yes,True,0.04,0.96
Yes,Yes,True,0.01,0.99
No,No,True,1.0,0.0
Yes,Yes,True,0.03,0.97
No,No,True,1.0,0.0
No,No,True,1.0,0.0
No,No,True,1.0,0.0
Yes,Yes,True,0.02,0.98
No,No,True,1.0,0.0
Yes,Yes,True,0.01,0.99
No,No,True,1.0,0.0
No,No,True,1.0,0.0
No,No,True,1.0,0.0
Yes,Yes,True,0.0,1.0
Yes,Yes,True,0.0,1.0
No,No,True,1.0,0.0
Yes,Yes,True,0.01,0.99
Yes,Yes,True,0.0,1.0
No,No,True,1.0,0.0
No,No,True,0.96,0.04
No,No,True,1.0,0.0
Yes,Yes,True,0.0,1.0
Yes,Yes,True,0.0,1.0
Yes,Yes,True,0.0,1.0
No,No,True,1.0,0.0
Yes,Yes,True,0.0,1.0
No,No,True,1.0,0.0
No,No,True,1.0,0.0
Yes,Yes,True,0.01,0.99
No,No,True,1.0,0.0
No,No,True,1.0,0.0
Yes,Yes,True,0.0,1.0
No,No,True,1.0,0.0
No,No,True,1.0,0.0
No,No,True,1.0,0.0
No,No,True,1.0,0.0
No,No,True,1.0,0.0
Yes,Yes,True,0.01,0.99
Yes,Yes,True,0.0,1.0
No,No,True,1.0,0.0
No,No,True,1.0,0.0
No,No,True,0.94,0.06
No,No,True,1.0,0.0
No,No,True,0.99,0.01
Yes,Yes,True,0.0,1.0
No,No,True,1.0,0.0
Yes,Yes,True,0.0,1.0
Yes,Yes,True,0.0,1.0
Yes,Yes,True,0.01,0.99
Yes,Yes,True,0.01,0.99
Yes,Yes,True,0.0,1.0
Yes,Yes,True,0.0,1.0
No,No,True,1.0,0.0
Yes,Yes,True,0.0,1.0
Yes,Yes,True,0.02,0.98
Yes,Yes,True,0.01,0.99
Yes,Yes,True,0.0,1.0
No,No,True,1.0,0.0
Yes,Yes,True,0.0,1.0
No,No,True,0.99,0.01
Yes,Yes,True,0.0,1.0
Yes,Yes,True,0.01,0.99
No,No,True,1.0,0.0
Yes,Yes,True,0.01,0.99
No,No,True,1.0,0.0
Yes,Yes,True,0.0,1.0
Yes,Yes,True,0.02,0.98
Yes,Yes,True,0.0,1.0
Yes,Yes,True,0.0,1.0
Yes,Yes,True,0.01,0.99
No,No,True,0.99,0.01
No,No,True,1.0,0.0
No,No,True,1.0,0.0
Yes,Yes,True,0.0,1.0
Yes,Yes,True,0.0,1.0
No,No,True,1.0,0.0
No,No,True,1.0,0.0
No,No,True,1.0,0.0
No,No,True,1.0,0.0
No,No,True,0.97,0.03
Yes,Yes,True,0.02,0.98
Yes,Yes,True,0.0,1.0
No,No,True,1.0,0.0
No,No,True,1.0,0.0
No,No,True,1.0,0.0
Yes,Yes,True,0.01,0.99
No,No,True,1.0,0.0
Yes,Yes,True,0.0,1.0
Yes,Yes,True,0.01,0.99
Yes,Yes,True,0.0,1.0
No,No,True,1.0,0.0
Yes,Yes,True,0.04,0.96
Yes,Yes,True,0.0,1.0
Yes,Yes,True,0.05,0.95
No,No,True,1.0,0.0
No,No,True,1.0,0.0
No,No,True,1.0,0.0
No,No,True,1.0,0.0
Yes,Yes,True,0.0,1.0
No,No,True,1.0,0.0
Yes,Yes,True,0.0,1.0
No,No,True,0.99,0.01
No,No,True,1.0,0.0
Yes,Yes,True,0.02,0.98
Yes,Yes,True,0.0,1.0
Yes,Yes,True,0.01,0.99
Yes,Yes,True,0.0,1.0
Yes,Yes,True,0.0,1.0
No,No,True,0.98,0.02
No,No,True,1.0,0.0
Yes,Yes,True,0.0,1.0
Yes,Yes,True,0.0,1.0
No,No,True,1.0,0.0
No,No,True,1.0,0.0
No,No,True,1.0,0.0
Yes,Yes,True,0.03,0.97
Yes,Yes,True,0.01,0.99
No,No,True,1.0,0.0
No,No,True,0.91,0.09
Yes,Yes,True,0.0,1.0
No,No,True,1.0,0.0
Yes,Yes,True,0.0,1.0
No,No,True,1.0,0.0
Yes,Yes,True,0.05,0.95
No,No,True,1.0,0.0
No,No,True,1.0,0.0
No,No,True,1.0,0.0
Yes,Yes,True,0.01,0.99
No,No,True,1.0,0.0
Yes,Yes,True,0.06,0.94
Yes,Yes,True,0.01,0.99
Yes,Yes,True,0.0,1.0
Yes,Yes,True,0.0,1.0
No,No,True,1.0,0.0
Yes,Yes,True,0.0,1.0
No,No,True,0.98,0.02
No,No,True,1.0,0.0
No,No,True,1.0,0.0
No,No,True,1.0,0.0
No,No,True,1.0,0.0
No,No,True,1.0,0.0
Yes,Yes,True,0.04,0.96
Yes,Yes,True,0.03,0.97
No,No,True,1.0,0.0
No,No,True,1.0,0.0
No,No,True,1.0,0.0
No,No,True,1.0,0.0
Yes,Yes,True,0.0,1.0
Yes,Yes,True,0.0,1.0
Yes,Yes,True,0.0,1.0
No,No,True,1.0,0.0
No,No,True,1.0,0.0
No,No,True,1.0,0.0
No,No,True,1.0,0.0
Yes,Yes,True,0.01,0.99
Yes,Yes,True,0.0,1.0
No,No,True,1.0,0.0
Yes,Yes,True,0.04,0.96
Yes,Yes,True,0.0,1.0
No,No,True,1.0,0.0
Yes,Yes,True,0.0,1.0
No,No,True,1.0,0.0
Yes,Yes,True,0.01,0.99
Yes,Yes,True,0.0,1.0
Yes,Yes,True,0.0,1.0
No,No,True,1.0,0.0
No,No,True,1.0,0.0
No,No,True,1.0,0.0
No,No,True,1.0,0.0
No,No,True,1.0,0.0
No,No,True,1.0,0.0
Yes,Yes,True,0.0,1.0
Yes,Yes,True,0.0,1.0
Yes,Yes,True,0.02,0.98
No,No,True,1.0,0.0
Yes,Yes,True,0.01,0.99
No,No,True,1.0,0.0
Yes,Yes,True,0.0,1.0
Yes,Yes,True,0.0,1.0
Yes,Yes,True,0.0,1.0
Yes,Yes,True,0.0,1.0
Yes,Yes,True,0.0,1.0
No,No,True,0.99,0.01
Yes,Yes,True,0.02,0.98
Yes,Yes,True,0.08,0.92
No,No,True,1.0,0.0
No,No,True,1.0,0.0
Yes,Yes,True,0.0,1.0
Yes,Yes,True,0.0,1.0
Yes,Yes,True,0.0,1.0
Yes,Yes,True,0.0,1.0
Yes,Yes,True,0.0,1.0
Yes,Yes,True,0.0,1.0
Yes,Yes,True,0.01,0.99
Yes,Yes,True,0.02,0.98
No,No,True,1.0,0.0
Yes,Yes,True,0.0,1.0
No,No,True,0.97,0.03
No,No,True,0.95,0.05
Yes,Yes,True,0.01,0.99
No,No,True,1.0,0.0
No,No,True,0.99,0.01
No,No,True,0.96,0.04
No,No,True,0.95,0.05
Yes,Yes,True,0.0,1.0
Yes,Yes,True,0.01,0.99
Yes,Yes,True,0.01,0.99
No,No,True,1.0,0.0
Yes,Yes,True,0.03,0.97
Yes,Yes,True,0.02,0.98
No,No,True,0.98,0.02
No,No,True,1.0,0.0
Yes,Yes,True,0.0,1.0
No,No,True,1.0,0.0
Yes,Yes,True,0.0,1.0
No,No,True,1.0,0.0
No,No,True,1.0,0.0
Yes,Yes,True,0.0,1.0
No,No,True,1.0,0.0
No,No,True,1.0,0.0
Yes,Yes,True,0.0,1.0
Yes,Yes,True,0.02,0.98
No,No,True,1.0,0.0
No,No,True,1.0,0.0
Yes,Yes,True,0.0,1.0
Yes,Yes,True,0.0,1.0
No,No,True,0.96,0.04
Yes,Yes,True,0.0,1.0
Yes,Yes,True,0.02,0.98
Yes,Yes,True,0.0,1.0
Yes,Yes,True,0.0,1.0
No,No,True,1.0,0.0
No,No,True,1.0,0.0
No,No,True,1.0,0.0
Yes,Yes,True,0.0,1.0
No,No,True,1.0,0.0
No,No,True,1.0,0.0
No,No,True,1.0,0.0
Yes,Yes,True,0.0,1.0
No,No,True,1.0,0.0
Yes,Yes,True,0.0,1.0
Yes,Yes,True,0.0,1.0
Yes,Yes,True,0.07,0.93
No,No,True,1.0,0.0
No,No,True,1.0,0.0
No,No,True,1.0,0.0
Yes,Yes,True,0.01,0.99
Yes,Yes,True,0.04,0.96
Yes,Yes,True,0.0,1.0
Yes,Yes,True,0.0,1.0
No,No,True,1.0,0.0
Yes,Yes,True,0.0,1.0
No,No,True,1.0,0.0
No,No,True,1.0,0.0
No,No,True,1.0,0.0
No,No,True,1.0,0.0
Yes,Yes,True,0.0,1.0
No,No,True,1.0,0.0
Yes,Yes,True,0.02,0.98
Yes,Yes,True,0.0,1.0
Yes,Yes,True,0.0,1.0
Yes,Yes,True,0.01,0.99
No,No,True,1.0,0.0
Yes,Yes,True,0.0,1.0
Yes,Yes,True,0.02,0.98
No,No,True,0.98,0.02
Yes,Yes,True,0.01,0.99
Yes,Yes,True,0.0,1.0
No,No,True,1.0,0.0
Yes,Yes,True,0.0,1.0
No,No,True,1.0,0.0
No,No,True,0.94,0.06
No,No,True,1.0,0.0
Yes,Yes,True,0.0,1.0
No,No,True,0.98,0.02
Yes,Yes,True,0.0,1.0
Yes,Yes,True,0.01,0.99
Yes,Yes,True,0.0,1.0
No,No,True,1.0,0.0
No,No,True,1.0,0.0
No,No,True,0.96,0.04
Yes,Yes,True,0.0,1.0
Yes,Yes,True,0.01,0.99
No,No,True,0.95,0.05
Yes,Yes,True,0.01,0.99
No,No,True,1.0,0.0
No,No,True,1.0,0.0
No,No,True,1.0,0.0
No,No,True,1.0,0.0
No,No,True,1.0,0.0
No,No,True,1.0,0.0
Yes,Yes,True,0.0,1.0
No,No,True,0.93,0.07
No,No,True,1.0,0.0
Yes,Yes,True,0.0,1.0
No,No,True,1.0,0.0
No,No,True,1.0,0.0
Yes,Yes,True,0.0,1.0
No,No,True,0.98,0.02
No,No,True,1.0,0.0
Yes,Yes,True,0.0,1.0
No,No,True,1.0,0.0
Yes,Yes,True,0.0,1.0
Yes,Yes,True,0.04,0.96
No,No,True,1.0,0.0
No,No,True,0.91,0.09
Yes,Yes,True,0.0,1.0
No,No,True,1.0,0.0
Yes,Yes,True,0.0,1.0
Yes,Yes,True,0.02,0.98
Yes,Yes,True,0.0,1.0
Yes,Yes,True,0.02,0.98
No,No,True,1.0,0.0
Yes,Yes,True,0.02,0.98
Yes,Yes,True,0.0,1.0
Yes,Yes,True,0.01,0.99
No,No,True,0.98,0.02
No,No,True,0.97,0.03
Yes,Yes,True,0.0,1.0
No,No,True,1.0,0.0
No,No,True,1.0,0.0
Yes,Yes,True,0.04,0.96
Yes,Yes,True,0.0,1.0
Yes,Yes,True,0.02,0.98
No,No,True,1.0,0.0
No,No,True,1.0,0.0
No,No,True,1.0,0.0
No,No,True,1.0,0.0
No,No,True,1.0,0.0
No,No,True,1.0,0.0
No,No,True,0.97,0.03
Yes,Yes,True,0.0,1.0
Yes,Yes,True,0.01,0.99
Yes,Yes,True,0.0,1.0
No,No,True,1.0,0.0
Yes,Yes,True,0.03,0.97
Yes,Yes,True,0.04,0.96
Yes,Yes,True,0.02,0.98
No,No,True,1.0,0.0
Yes,Yes,True,0.0,1.0
Yes,Yes,True,0.01,0.99
No,No,True,1.0,0.0
Yes,Yes,True,0.0,1.0
No,No,True,1.0,0.0
No,No,True,0.97,0.03
Yes,Yes,True,0.0,1.0
No,No,True,1.0,0.0
Yes,Yes,True,0.0,1.0
Yes,Yes,True,0.02,0.98
No,No,True,1.0,0.0
No,No,True,1.0,0.0
No,No,True,1.0,0.0
Yes,Yes,True,0.0,1.0
Yes,Yes,True,0.0,1.0
Yes,Yes,True,0.0,1.0
Yes,Yes,True,0.0,1.0
Yes,Yes,True,0.02,0.98
Yes,Yes,True,0.0,1.0
Yes,Yes,True,0.0,1.0
Yes,Yes,True,0.0,1.0
No,No,True,1.0,0.0
Yes,Yes,True,0.0,1.0
Yes,Yes,True,0.0,1.0
Yes,Yes,True,0.02,0.98
Yes,Yes,True,0.0,1.0
Yes,Yes,True,0.0,1.0
Yes,Yes,True,0.03,0.97
No,No,True,0.96,0.04
No,No,True,1.0,0.0
Yes,Yes,True,0.0,1.0
No,No,True,0.96,0.04
No,No,True,1.0,0.0
No,No,True,1.0,0.0
Yes,Yes,True,0.0,1.0
No,No,True,0.96,0.04
No,No,True,1.0,0.0
No,No,True,1.0,0.0
No,No,True,1.0,0.0
Yes,Yes,True,0.0,1.0
Yes,Yes,True,0.0,1.0
Yes,Yes,True,0.02,0.98
Yes,Yes,True,0.0,1.0
Yes,Yes,True,0.0,1.0
No,No,True,0.99,0.01
No,No,True,1.0,0.0
No,No,True,1.0,0.0
Yes,Yes,True,0.02,0.98
No,No,True,0.95,0.05
No,No,True,1.0,0.0
No,No,True,1.0,0.0
No,No,True,0.94,0.06
No,No,True,1.0,0.0
Yes,Yes,True,0.0,1.0
Yes,Yes,True,0.0,1.0
Yes,Yes,True,0.01,0.99
Yes,Yes,True,0.0,1.0
No,No,True,1.0,0.0
Yes,Yes,True,0.0,1.0
No,No,True,0.97,0.03
No,No,True,1.0,0.0
No,No,True,1.0,0.0
No,No,True,1.0,0.0
No,No,True,1.0,0.0
No,No,True,1.0,0.0
No,No,True,1.0,0.0
Yes,Yes,True,0.0,1.0
Yes,Yes,True,0.0,1.0
Yes,Yes,True,0.01,0.99
Yes,Yes,True,0.04,0.96
No,No,True,1.0,0.0
No,No,True,1.0,0.0
Yes,Yes,True,0.0,1.0
Yes,Yes,True,0.03,0.97
No,No,True,1.0,0.0
No,No,True,1.0,0.0
No,No,True,0.99,0.01
No,No,True,1.0,0.0
Yes,Yes,True,0.01,0.99
Yes,Yes,True,0.01,0.99
Yes,Yes,True,0.0,1.0
No,No,True,1.0,0.0
Yes,Yes,True,0.01,0.99
Yes,Yes,True,0.03,0.97
Yes,Yes,True,0.0,1.0
Yes,Yes,True,0.0,1.0
Yes,Yes,True,0.01,0.99
No,No,True,1.0,0.0
No,No,True,1.0,0.0
Yes,Yes,True,0.04,0.96
No,No,True,1.0,0.0
No,No,True,1.0,0.0
No,No,True,1.0,0.0
No,No,True,0.88,0.12
Yes,Yes,True,0.0,1.0
Yes,Yes,True,0.0,1.0
Yes,Yes,True,0.0,1.0
Yes,Yes,True,0.0,1.0
Yes,Yes,True,0.0,1.0
Yes,Yes,True,0.0,1.0
Yes,Yes,True,0.04,0.96
Yes,Yes,True,0.0,1.0
Yes,Yes,True,0.0,1.0
Yes,Yes,True,0.0,1.0
No,No,True,1.0,0.0
Yes,Yes,True,0.01,0.99
No,No,True,1.0,0.0
Yes,Yes,True,0.0,1.0
Yes,Yes,True,0.0,1.0
No,No,True,1.0,0.0
No,No,True,1.0,0.0
Yes,Yes,True,0.03,0.97
No,No,True,1.0,0.0
Yes,Yes,True,0.01,0.99
No,No,True,1.0,0.0
Yes,Yes,True,0.01,0.99
Yes,Yes,True,0.01,0.99
No,No,True,0.97,0.03
Yes,Yes,True,0.06,0.94
No,No,True,0.95,0.05
Yes,Yes,True,0.01,0.99
No,No,True,1.0,0.0
No,No,True,1.0,0.0
No,No,True,1.0,0.0
Yes,Yes,True,0.0,1.0
No,No,True,1.0,0.0
No,No,True,1.0,0.0
No,No,True,0.96,0.04
No,No,True,0.96,0.04
No,No,True,1.0,0.0
Yes,Yes,True,0.02,0.98
Yes,Yes,True,0.02,0.98
Yes,Yes,True,0.0,1.0
No,No,True,1.0,0.0
No,No,True,1.0,0.0
Yes,Yes,True,0.0,1.0
No,No,True,1.0,0.0
No,No,True,1.0,0.0
Yes,Yes,True,0.01,0.99
No,No,True,1.0,0.0
Yes,Yes,True,0.01,0.99
Yes,Yes,True,0.0,1.0
No,No,True,1.0,0.0
No,No,True,1.0,0.0
Yes,Yes,True,0.0,1.0
No,No,True,1.0,0.0
No,No,True,1.0,0.0
No,No,True,1.0,0.0
No,No,True,1.0,0.0
Yes,Yes,True,0.01,0.99
Yes,Yes,True,0.0,1.0
Yes,Yes,True,0.01,0.99
Yes,Yes,True,0.01,0.99
No,No,True,0.95,0.05
Yes,Yes,True,0.0,1.0
Yes,Yes,True,0.0,1.0
No,No,True,1.0,0.0
Yes,Yes,True,0.02,0.98
No,No,True,1.0,0.0
No,No,True,1.0,0.0
Yes,Yes,True,0.04,0.96
No,No,True,1.0,0.0
No,No,True,1.0,0.0
Yes,Yes,True,0.0,1.0
Yes,Yes,True,0.0,1.0
No,No,True,0.98,0.02
No,No,True,1.0,0.0
No,No,True,0.97,0.03
No,No,True,1.0,0.0
Yes,Yes,True,0.04,0.96
Yes,Yes,True,0.0,1.0
Yes,Yes,True,0.0,1.0
No,No,True,1.0,0.0
Yes,Yes,True,0.0,1.0
Yes,Yes,True,0.0,1.0
Yes,Yes,True,0.0,1.0
No,No,True,1.0,0.0
Yes,Yes,True,0.0,1.0
Yes,Yes,True,0.0,1.0
No,No,True,1.0,0.0
No,No,True,1.0,0.0
No,No,True,1.0,0.0
No,No,True,1.0,0.0
Yes,Yes,True,0.0,1.0
No,No,True,1.0,0.0
Yes,Yes,True,0.0,1.0
Yes,Yes,True,0.01,0.99
No,No,True,1.0,0.0
No,No,True,1.0,0.0
No,No,True,0.95,0.05
No,No,True,1.0,0.0
No,No,True,1.0,0.0
No,No,True,1.0,0.0
Yes,Yes,True,0.02,0.98
Yes,Yes,True,0.03,0.97
No,No,True,1.0,0.0
Yes,Yes,True,0.0,1.0
Yes,Yes,True,0.0,1.0
No,No,True,0.94,0.06
No,No,True,1.0,0.0
Yes,Yes,True,0.0,1.0
No,No,True,1.0,0.0
Yes,Yes,True,0.01,0.99
Yes,Yes,True,0.01,0.99
Yes,Yes,True,0.02,0.98
No,No,True,1.0,0.0
No,No,True,1.0,0.0
No,No,True,1.0,0.0
No,No,True,0.98,0.02
No,No,True,1.0,0.0
No,No,True,1.0,0.0
Yes,Yes,True,0.0,1.0
Yes,Yes,True,0.0,1.0
Yes,Yes,True,0.0,1.0
Yes,Yes,True,0.0,1.0
Yes,Yes,True,0.0,1.0
Yes,Yes,True,0.0,1.0
No,No,True,1.0,0.0
No,No,True,0.97,0.03
No,No,True,1.0,0.0
Yes,Yes,True,0.01,0.99
No,No,True,0.95,0.05
Yes,Yes,True,0.0,1.0
Yes,Yes,True,0.0,1.0
No,No,True,1.0,0.0
Yes,Yes,True,0.01,0.99
No,No,True,1.0,0.0
Yes,Yes,True,0.0,1.0
Yes,Yes,True,0.01,0.99
Yes,Yes,True,0.0,1.0
Yes,Yes,True,0.02,0.98
No,No,True,0.94,0.06
No,No,True,1.0,0.0
No,No,True,1.0,0.0
Yes,Yes,True,0.0,1.0
No,No,True,1.0,0.0
No,No,True,0.96,0.04
No,No,True,1.0,0.0
Yes,Yes,True,0.0,1.0
Yes,Yes,True,0.0,1.0
No,No,True,0.97,0.03
Yes,Yes,True,0.01,0.99
Yes,Yes,True,0.01,0.99
No,No,True,1.0,0.0
No,No,True,0.94,0.06
Yes,Yes,True,0.01,0.99
No,No,True,1.0,0.0
No,No,True,1.0,0.0
No,No,True,1.0,0.0
No,No,True,1.0,0.0
No,No,True,1.0,0.0
No,No,True,1.0,0.0
No,No,True,0.98,0.02
Yes,Yes,True,0.02,0.98
Yes,Yes,True,0.0,1.0
No,No,True,1.0,0.0
Yes,Yes,True,0.0,1.0
No,No,True,1.0,0.0
Yes,Yes,True,0.0,1.0
Yes,Yes,True,0.0,1.0
Yes,Yes,True,0.0,1.0
No,No,True,1.0,0.0
Yes,Yes,True,0.0,1.0
Yes,Yes,True,0.0,1.0
Yes,Yes,True,0.02,0.98
Yes,Yes,True,0.0,1.0
No,No,True,1.0,0.0
No,No,True,1.0,0.0
No,No,True,1.0,0.0
No,No,True,0.99,0.01
Yes,Yes,True,0.0,1.0
Yes,Yes,True,0.0,1.0
Yes,Yes,True,0.03,0.97
Yes,Yes,True,0.01,0.99
Yes,Yes,True,0.03,0.97
Yes,Yes,True,0.02,0.98
Yes,Yes,True,0.02,0.98
No,No,True,0.96,0.04
Yes,Yes,True,0.01,0.99
Yes,Yes,True,0.0,1.0
Yes,Yes,True,0.0,1.0
No,No,True,1.0,0.0
Yes,Yes,True,0.0,1.0
Yes,Yes,True,0.0,1.0
Yes,Yes,True,0.02,0.98
No,No,True,1.0,0.0
Yes,Yes,True,0.04,0.96
No,No,True,1.0,0.0
Yes,Yes,True,0.0,1.0
No,No,True,1.0,0.0
No,No,True,1.0,0.0
Yes,Yes,True,0.0,1.0
Yes,Yes,True,0.01,0.99
No,No,True,1.0,0.0
Yes,Yes,True,0.0,1.0
Yes,Yes,True,0.0,1.0
Yes,Yes,True,0.01,0.99
Yes,Yes,True,0.0,1.0
Yes,Yes,True,0.0,1.0
No,No,True,1.0,0.0
No,No,True,0.97,0.03
Yes,Yes,True,0.0,1.0
Yes,Yes,True,0.0,1.0
Yes,Yes,True,0.01,0.99
Yes,Yes,True,0.01,0.99
Yes,Yes,True,0.0,1.0
No,No,True,1.0,0.0
Yes,Yes,True,0.0,1.0
No,No,True,1.0,0.0
No,No,True,1.0,0.0
Yes,Yes,True,0.0,1.0
Yes,Yes,True,0.0,1.0
No,No,True,0.98,0.02
Yes,Yes,True,0.06,0.94
No,No,True,1.0,0.0
No,No,True,1.0,0.0
Yes,Yes,True,0.0,1.0
No,No,True,1.0,0.0
No,No,True,1.0,0.0
No,No,True,0.98,0.02
No,No,True,1.0,0.0
No,No,True,1.0,0.0
Yes,Yes,True,0.0,1.0
No,No,True,1.0,0.0
Yes,Yes,True,0.01,0.99
No,No,True,1.0,0.0
No,No,True,1.0,0.0
No,No,True,1.0,0.0
No,No,True,1.0,0.0
Yes,Yes,True,0.0,1.0
Yes,Yes,True,0.0,1.0
No,No,True,1.0,0.0
No,No,True,1.0,0.0
Yes,Yes,True,0.05,0.95
Yes,Yes,True,0.0,1.0
No,No,True,0.98,0.02
No,No,True,1.0,0.0
No,No,True,0.98,0.02
No,No,True,1.0,0.0
Yes,Yes,True,0.0,1.0
No,No,True,1.0,0.0
Yes,Yes,True,0.0,1.0
Yes,Yes,True,0.0,1.0
No,No,True,1.0,0.0
Yes,Yes,True,0.0,1.0
No,No,True,1.0,0.0
Yes,Yes,True,0.02,0.98
No,No,True,1.0,0.0
Yes,Yes,True,0.02,0.98
Yes,Yes,True,0.03,0.97
Yes,Yes,True,0.0,1.0
No,No,True,1.0,0.0
Yes,Yes,True,0.0,1.0
No,No,True,1.0,0.0
Yes,Yes,True,0.0,1.0
Yes,Yes,True,0.0,1.0
Yes,Yes,True,0.02,0.98
No,No,True,0.94,0.06
Yes,Yes,True,0.0,1.0
Yes,Yes,True,0.01,0.99
Yes,Yes,True,0.01,0.99
Yes,Yes,True,0.01,0.99
Yes,Yes,True,0.01,0.99
No,No,True,0.95,0.05
No,No,True,1.0,0.0
No,No,True,0.99,0.01
Yes,Yes,True,0.0,1.0
No,No,True,1.0,0.0
No,No,True,1.0,0.0
No,No,True,1.0,0.0
No,No,True,1.0,0.0
No,No,True,0.97,0.03
No,No,True,1.0,0.0
No,No,True,1.0,0.0
Yes,Yes,True,0.0,1.0
No,No,True,0.96,0.04
Yes,Yes,True,0.03,0.97
No,No,True,1.0,0.0
No,No,True,0.96,0.04
Yes,Yes,True,0.0,1.0
No,No,True,1.0,0.0
Yes,Yes,True,0.0,1.0
No,No,True,1.0,0.0
No,No,True,1.0,0.0
No,No,True,1.0,0.0
Yes,Yes,True,0.0,1.0
No,No,True,0.99,0.01
No,No,True,1.0,0.0
Yes,Yes,True,0.04,0.96
No,No,True,1.0,0.0
No,No,True,1.0,0.0
No,No,True,1.0,0.0
No,No,True,1.0,0.0
No,No,True,1.0,0.0
Yes,Yes,True,0.0,1.0
No,No,True,1.0,0.0
No,No,True,1.0,0.0
Yes,Yes,True,0.01,0.99
Yes,Yes,True,0.01,0.99
Yes,Yes,True,0.01,0.99
No,No,True,1.0,0.0
No,No,True,1.0,0.0
No,No,True,1.0,0.0
Yes,Yes,True,0.01,0.99
No,No,True,1.0,0.0
No,No,True,0.95,0.05
No,No,True,1.0,0.0
Yes,Yes,True,0.0,1.0
Yes,Yes,True,0.0,1.0
Yes,Yes,True,0.0,1.0
No,No,True,0.97,0.03
Yes,Yes,True,0.05,0.95
No,No,True,1.0,0.0
No,No,True,1.0,0.0
No,No,True,1.0,0.0
Yes,Yes,True,0.0,1.0
No,No,True,1.0,0.0
Yes,Yes,True,0.0,1.0
No,No,True,0.98,0.02
No,No,True,0.97,0.03
No,No,True,1.0,0.0
Yes,Yes,True,0.01,0.99
No,No,True,0.99,0.01
Yes,Yes,True,0.03,0.97
No,No,True,1.0,0.0
No,No,True,0.91,0.09
No,No,True,1.0,0.0
Yes,Yes,True,0.0,1.0
Yes,Yes,True,0.02,0.98
Yes,Yes,True,0.0,1.0
No,No,True,1.0,0.0
Yes,Yes,True,0.06,0.94
Yes,Yes,True,0.0,1.0
Yes,Yes,True,0.05,0.95
No,No,True,1.0,0.0
No,No,True,1.0,0.0
Yes,Yes,True,0.0,1.0
No,No,True,1.0,0.0
No,No,True,1.0,0.0
Yes,Yes,True,0.05,0.95
Yes,Yes,True,0.0,1.0
Yes,Yes,True,0.0,1.0
Yes,Yes,True,0.0,1.0
Yes,Yes,True,0.0,1.0
No,No,True,1.0,0.0
No,No,True,1.0,0.0
Yes,Yes,True,0.0,1.0
Yes,Yes,True,0.03,0.97
Yes,Yes,True,0.02,0.98
No,No,True,1.0,0.0
Yes,Yes,True,0.0,1.0
Yes,Yes,True,0.05,0.95
No,No,True,1.0,0.0
Yes,Yes,True,0.0,1.0
No,No,True,1.0,0.0
Yes,Yes,True,0.01,0.99
Yes,Yes,True,0.0,1.0
Yes,Yes,True,0.01,0.99
Yes,Yes,True,0.0,1.0
No,No,True,1.0,0.0
Yes,Yes,True,0.05,0.95
Yes,Yes,True,0.0,1.0
Yes,Yes,True,0.02,0.98
No,No,True,1.0,0.0
No,No,True,1.0,0.0
Yes,Yes,True,0.0,1.0
Yes,Yes,True,0.0,1.0
No,No,True,1.0,0.0
No,No,True,1.0,0.0
Yes,Yes,True,0.04,0.96
No,No,True,1.0,0.0
No,No,True,1.0,0.0
Yes,Yes,True,0.0,1.0
Yes,Yes,True,0.0,1.0
No,No,True,0.97,0.03
No,No,True,0.95,0.05
No,No,True,1.0,0.0
Yes,Yes,True,0.0,1.0
Yes,Yes,True,0.0,1.0
Yes,Yes,True,0.0,1.0
No,No,True,1.0,0.0
Yes,Yes,True,0.02,0.98
Yes,Yes,True,0.0,1.0
Yes,Yes,True,0.0,1.0
No,No,True,1.0,0.0
Yes,Yes,True,0.0,1.0
Yes,Yes,True,0.0,1.0
Yes,Yes,True,0.0,1.0
Yes,Yes,True,0.0,1.0
Yes,Yes,True,0.0,1.0
Yes,Yes,True,0.01,0.99
Yes,Yes,True,0.05,0.95
Yes,Yes,True,0.01,0.99
Yes,Yes,True,0.0,1.0
No,No,True,1.0,0.0
No,No,True,0.97,0.03
No,No,True,0.99,0.01
No,No,True,1.0,0.0
Yes,Yes,True,0.0,1.0
No,No,True,1.0,0.0
Yes,Yes,True,0.01,0.99
Yes,Yes,True,0.0,1.0
No,No,True,1.0,0.0
No,No,True,1.0,0.0
No,No,True,1.0,0.0
Yes,Yes,True,0.0,1.0
No,No,True,0.98,0.02
No,No,True,1.0,0.0
Yes,Yes,True,0.0,1.0
Yes,Yes,True,0.01,0.99
No,No,True,1.0,0.0
Yes,Yes,True,0.01,0.99
No,No,True,1.0,0.0
Yes,Yes,True,0.0,1.0
Yes,Yes,True,0.01,0.99
Yes,Yes,True,0.0,1.0
No,No,True,1.0,0.0
No,No,True,1.0,0.0
Yes,Yes,True,0.01,0.99
No,No,True,0.97,0.03
No,No,True,1.0,0.0
No,No,True,0.93,0.07
No,No,True,1.0,0.0
Yes,Yes,True,0.0,1.0
Yes,Yes,True,0.0,1.0
Yes,Yes,True,0.0,1.0
Yes,Yes,True,0.01,0.99
Yes,Yes,True,0.01,0.99
No,No,True,0.99,0.01
No,No,True,1.0,0.0
Yes,Yes,True,0.01,0.99
No,No,True,1.0,0.0
No,No,True,0.98,0.02
Yes,Yes,True,0.0,1.0
No,No,True,1.0,0.0
No,No,True,1.0,0.0
Yes,Yes,True,0.0,1.0
No,No,True,1.0,0.0
No,No,True,1.0,0.0
Yes,Yes,True,0.0,1.0
No,No,True,1.0,0.0
Yes,Yes,True,0.01,0.99
Yes,Yes,True,0.07,0.93
No,No,True,1.0,0.0
No,No,True,1.0,0.0
No,No,True,1.0,0.0
Yes,Yes,True,0.0,1.0
Yes,Yes,True,0.02,0.98
No,No,True,1.0,0.0
No,No,True,1.0,0.0
No,No,True,0.98,0.02
No,No,True,1.0,0.0
Yes,Yes,True,0.0,1.0
No,No,True,1.0,0.0
Yes,Yes,True,0.01,0.99
Yes,Yes,True,0.0,1.0
No,No,True,1.0,0.0
Yes,Yes,True,0.0,1.0
Yes,Yes,True,0.0,1.0
No,No,True,0.98,0.02
No,No,True,1.0,0.0
Yes,Yes,True,0.01,0.99
No,No,True,1.0,0.0
No,No,True,0.96,0.04
Yes,Yes,True,0.0,1.0
Yes,Yes,True,0.01,0.99
Yes,Yes,True,0.0,1.0
No,No,True,1.0,0.0
No,No,True,1.0,0.0
No,No,True,0.97,0.03
Yes,Yes,True,0.01,0.99
No,No,True,1.0,0.0
No,No,True,1.0,0.0
No,No,True,0.99,0.01
Yes,Yes,True,0.0,1.0
No,No,True,1.0,0.0
No,No,True,1.0,0.0
No,No,True,1.0,0.0
No,No,True,0.82,0.18
No,No,True,0.96,0.04
Yes,Yes,True,0.0,1.0
Yes,Yes,True,0.0,1.0
No,No,True,1.0,0.0
Yes,Yes,True,0.0,1.0
No,No,True,1.0,0.0
Yes,Yes,True,0.0,1.0
Yes,Yes,True,0.01,0.99
Yes,Yes,True,0.03,0.97
No,No,True,1.0,0.0
No,No,True,1.0,0.0
No,No,True,1.0,0.0
Yes,Yes,True,0.01,0.99
Yes,Yes,True,0.0,1.0
No,No,True,1.0,0.0
Yes,Yes,True,0.0,1.0
No,No,True,1.0,0.0
Yes,Yes,True,0.07,0.93
No,No,True,1.0,0.0
No,No,True,1.0,0.0
Yes,Yes,True,0.01,0.99
No,No,True,1.0,0.0
Yes,Yes,True,0.01,0.99
Yes,Yes,True,0.0,1.0
No,No,True,1.0,0.0
No,No,True,1.0,0.0
Yes,Yes,True,0.0,1.0
No,No,True,1.0,0.0
No,No,True,1.0,0.0
Yes,Yes,True,0.0,1.0
No,No,True,1.0,0.0
No,No,True,0.96,0.04
Yes,Yes,True,0.01,0.99
Yes,Yes,True,0.03,0.97
Yes,Yes,True,0.01,0.99
No,No,True,1.0,0.0
No,No,True,0.99,0.01
Yes,Yes,True,0.01,0.99
No,No,True,1.0,0.0
No,No,True,1.0,0.0
No,No,True,1.0,0.0
Yes,Yes,True,0.0,1.0
No,No,True,1.0,0.0
Yes,Yes,True,0.0,1.0
No,No,True,1.0,0.0
No,No,True,1.0,0.0
No,No,True,1.0,0.0
No,No,True,1.0,0.0
No,No,True,1.0,0.0
Yes,Yes,True,0.02,0.98
No,No,True,1.0,0.0
No,No,True,1.0,0.0
Yes,Yes,True,0.0,1.0
No,No,True,1.0,0.0
Yes,Yes,True,0.0,1.0
Yes,Yes,True,0.0,1.0
Yes,Yes,True,0.04,0.96
Yes,Yes,True,0.01,0.99
No,No,True,0.95,0.05
Yes,Yes,True,0.02,0.98
Yes,Yes,True,0.0,1.0
Yes,Yes,True,0.01,0.99
Yes,Yes,True,0.03,0.97
Yes,Yes,True,0.04,0.96
No,No,True,1.0,0.0
No,No,True,1.0,0.0
Yes,Yes,True,0.0,1.0
No,No,True,0.96,0.04
No,No,True,1.0,0.0
Yes,Yes,True,0.0,1.0
Yes,Yes,True,0.0,1.0
Yes,Yes,True,0.0,1.0
Yes,Yes,True,0.0,1.0
Yes,Yes,True,0.02,0.98
Yes,Yes,True,0.02,0.98
Yes,Yes,True,0.01,0.99
No,No,True,1.0,0.0
Yes,Yes,True,0.0,1.0
Yes,Yes,True,0.0,1.0
No,No,True,1.0,0.0
Yes,Yes,True,0.02,0.98
Yes,Yes,True,0.0,1.0
Yes,Yes,True,0.01,0.99
Yes,Yes,True,0.0,1.0
No,No,True,1.0,0.0
No,No,True,1.0,0.0
No,No,True,1.0,0.0
Yes,Yes,True,0.0,1.0
No,No,True,1.0,0.0
No,No,True,1.0,0.0
No,No,True,0.99,0.01
No,No,True,0.93,0.07
No,No,True,1.0,0.0
Yes,Yes,True,0.03,0.97
No,No,True,0.98,0.02
Yes,Yes,True,0.0,1.0
Yes,Yes,True,0.0,1.0
No,No,True,1.0,0.0
Yes,Yes,True,0.08,0.92
No,No,True,1.0,0.0
No,No,True,1.0,0.0
No,No,True,0.93,0.07
No,No,True,1.0,0.0
No,No,True,1.0,0.0
Yes,Yes,True,0.0,1.0
Yes,Yes,True,0.0,1.0
Yes,Yes,True,0.05,0.95
Yes,Yes,True,0.01,0.99
No,No,True,1.0,0.0
Yes,Yes,True,0.0,1.0
Yes,Yes,True,0.02,0.98
Yes,Yes,True,0.01,0.99
No,No,True,1.0,0.0
No,No,True,1.0,0.0
Yes,Yes,True,0.02,0.98
Yes,Yes,True,0.06,0.94
No,No,True,0.96,0.04
No,No,True,1.0,0.0
No,No,True,1.0,0.0
Yes,Yes,True,0.0,1.0
No,No,True,1.0,0.0
No,No,True,1.0,0.0
Yes,Yes,True,0.0,1.0
Yes,Yes,True,0.0,1.0
No,No,True,1.0,0.0
No,No,True,1.0,0.0
Yes,Yes,True,0.01,0.99
Yes,Yes,True,0.01,0.99
Yes,Yes,True,0.0,1.0
Yes,Yes,True,0.03,0.97
Yes,Yes,True,0.01,0.99
No,No,True,0.96,0.04
Yes,Yes,True,0.01,0.99
No,No,True,1.0,0.0
No,No,True,1.0,0.0
Yes,Yes,True,0.01,0.99
Yes,Yes,True,0.01,0.99
No,No,True,1.0,0.0
Yes,Yes,True,0.02,0.98
Yes,Yes,True,0.0,1.0
No,No,True,1.0,0.0
No,No,True,1.0,0.0
Yes,Yes,True,0.01,0.99
Yes,Yes,True,0.0,1.0
No,No,True,1.0,0.0
Yes,Yes,True,0.01,0.99
No,No,True,1.0,0.0
No,No,True,1.0,0.0
No,No,True,1.0,0.0
Yes,Yes,True,0.0,1.0
No,No,True,1.0,0.0
Yes,Yes,True,0.01,0.99
No,No,True,1.0,0.0
No,No,True,1.0,0.0
Yes,Yes,True,0.01,0.99
No,No,True,1.0,0.0
No,No,True,1.0,0.0
No,No,True,1.0,0.0
No,No,True,1.0,0.0
No,No,True,1.0,0.0
Yes,Yes,True,0.01,0.99
Yes,Yes,True,0.0,1.0
No,No,True,1.0,0.0
No,No,True,1.0,0.0
No,No,True,1.0,0.0
No,No,True,1.0,0.0
No,No,True,1.0,0.0
Yes,Yes,True,0.0,1.0
Yes,Yes,True,0.0,1.0
No,No,True,1.0,0.0
Yes,Yes,True,0.0,1.0
No,No,True,1.0,0.0
No,No,True,0.95,0.05
Yes,Yes,True,0.02,0.98
No,No,True,1.0,0.0
No,No,True,0.98,0.02
No,No,True,1.0,0.0
No,No,True,0.98,0.02
No,No,True,1.0,0.0
No,No,True,1.0,0.0
No,No,True,0.98,0.02
Yes,Yes,True,0.01,0.99
No,No,True,1.0,0.0
Yes,Yes,True,0.01,0.99
Yes,Yes,True,0.02,0.98
Yes,Yes,True,0.03,0.97
Yes,Yes,True,0.0,1.0
Yes,Yes,True,0.0,1.0
Yes,Yes,True,0.0,1.0
No,No,True,0.99,0.01
Yes,Yes,True,0.01,0.99
Yes,Yes,True,0.0,1.0
No,No,True,1.0,0.0
Yes,Yes,True,0.01,0.99
Yes,Yes,True,0.0,1.0
Yes,Yes,True,0.0,1.0
No,No,True,1.0,0.0
Yes,Yes,True,0.01,0.99
No,No,True,1.0,0.0
No,No,True,1.0,0.0
No,No,True,1.0,0.0
Yes,Yes,True,0.02,0.98
No,No,True,1.0,0.0
No,No,True,1.0,0.0
Yes,Yes,True,0.0,1.0
Yes,Yes,True,0.0,1.0
Yes,Yes,True,0.0,1.0
No,No,True,0.96,0.04
Yes,Yes,True,0.01,0.99
Yes,Yes,True,0.01,0.99
Yes,Yes,True,0.0,1.0
No,No,True,1.0,0.0
Yes,Yes,True,0.01,0.99
Yes,Yes,True,0.0,1.0
No,No,True,1.0,0.0
No,No,True,1.0,0.0
Yes,Yes,True,0.0,1.0
Yes,Yes,True,0.0,1.0
